sdist,avg_autonomy_score,n_women,district_name,state_name
1,0.8903930372248507,85,Kupwara,Jammu & Kashmir
2,0.7810319848403539,73,Badgam,Jammu & Kashmir
3,0.6846297600443827,76,Leh(Ladakh),Ladakh
4,0.6215689862642999,86,Kargil,Ladakh
5,0.7642493008697734,90,Punch,Jammu & Kashmir
6,0.8169760933149035,90,Rajouri,Jammu & Kashmir
7,0.4602015005076857,72,Kathua,Jammu & Kashmir
8,0.8206030372723182,66,Baramula,Jammu & Kashmir
9,0.6650416014121512,79,Bandipore,Jammu & Kashmir
10,0.7666585145537592,64,Srinagar,Jammu & Kashmir
11,0.7181128803400209,90,Ganderbal,Jammu & Kashmir
12,0.8717783935085645,82,Pulwama,Jammu & Kashmir
13,0.9285799845167862,84,Shupiyan,Jammu & Kashmir
14,0.7766850386426754,62,Anantnag,Jammu & Kashmir
15,0.7957510790611699,86,Kulgam,Jammu & Kashmir
16,0.8424004972167326,90,Doda,Jammu & Kashmir
17,0.6402440940736611,95,Ramban,Jammu & Kashmir
18,0.7083476455362993,81,Kishtwar,Jammu & Kashmir
19,0.850991768605942,87,Udhampur,Jammu & Kashmir
20,0.8856063488400681,86,Reasi,Jammu & Kashmir
21,0.790301298776987,78,Jammu,Jammu & Kashmir
22,0.6980291263523857,95,Samba,Jammu & Kashmir
23,0.9915870107182381,89,Chamba,Himachal Pradesh
24,0.8986100641362152,63,Kangra,Himachal Pradesh
25,1.0136388100319613,75,Lahul & Spiti,Himachal Pradesh
26,1.067741753343169,78,Kullu,Himachal Pradesh
27,0.9788832473108214,98,Mandi,Himachal Pradesh
28,0.8856749494658058,67,Hamirpur,Himachal Pradesh
29,1.0036936180510936,70,Una,Himachal Pradesh
30,0.9313497571404789,91,Bilaspur,Himachal Pradesh
31,0.984433447769697,82,Solan,Himachal Pradesh
32,1.0211499544242433,87,Sirmaur,Himachal Pradesh
33,1.090662198697601,83,Shimla,Himachal Pradesh
34,1.0751895931897755,82,Kinnaur,Himachal Pradesh
36,0.9341990919685512,82,Kapurthala,Punjab
37,0.9980399361532956,75,Jalandhar,Punjab
38,0.9665109606104992,89,Hoshiarpur,Punjab
39,1.0118101229960066,87,Shahid Bhagat Singh Nagar,Punjab
40,0.9474980562919427,73,Fatehgarh Sahib,Punjab
41,0.9930310659911062,70,Ludhiana,Punjab
42,0.9133623176310153,91,Moga,Punjab
44,0.9942520505412765,85,Muktsar,Punjab
45,0.795681013885068,77,Faridkot,Punjab
46,0.6964628643676991,78,Bathinda,Punjab
47,0.8352085973853244,86,Mansa,Punjab
48,0.9243315138145939,75,Patiala,Punjab
49,0.960632543884257,91,Amritsar,Punjab
50,0.9181302288580405,89,Tarn Taran,Punjab
51,0.911924901857175,49,Rupnagar,Punjab
52,0.990396182882085,59,Sahibzada Ajit Singh Nagar,Punjab
53,0.8626427962807729,93,Sangrur,Punjab
54,0.9740620002122623,82,Barnala,Punjab
55,1.0183823953343327,69,Chandigarh,Chandigarh
56,1.0128794001460624,100,Uttarkashi,Uttarakhand
57,0.9041284516932202,79,Chamoli,Uttarakhand
58,0.9987239366500138,90,Rudraprayag,Uttarakhand
59,0.9881561449075508,95,Tehri Garhwal,Uttarakhand
60,0.6578885879792009,56,Dehradun,Uttarakhand
61,0.9232879417034013,63,Garhwal,Uttarakhand
62,0.9944621131967855,98,Pithoragarh,Uttarakhand
63,0.9725220067722492,84,Bageshwar,Uttarakhand
64,0.9049651592065837,78,Almora,Uttarakhand
65,1.0069762049273012,93,Champawat,Uttarakhand
66,0.9235245667102108,85,Nainital,Uttarakhand
67,0.9588096726369476,95,Udham Singh Nagar,Uttarakhand
68,0.8328151629289806,69,Hardwar,Uttarakhand
69,1.073578976151018,56,Panchkula,Haryana
70,0.822752290996591,92,Ambala,Haryana
71,0.7989781656761036,100,Yamunanagar,Haryana
72,0.9172602229795254,87,Kurukshetra,Haryana
73,0.862897817864246,60,Kaithal,Haryana
74,0.8875731981592607,110,Karnal,Haryana
75,0.8236187044624251,84,Panipat,Haryana
76,0.8905574716721358,87,Sonipat,Haryana
77,0.8268966406808537,90,Jind,Haryana
78,0.9585672669384934,82,Fatehabad,Haryana
79,1.008182003510991,17,Sirsa,Haryana
80,0.8153049609195934,90,Hisar,Haryana
82,0.8606889309774692,80,Rohtak,Haryana
83,0.7618372357840978,80,Jhajjar,Haryana
84,0.7130899079408218,89,Mahendragarh,Haryana
85,0.8326525751372368,64,Rewari,Haryana
86,0.9080016277975923,71,Gurgaon,Haryana
87,0.7327830308160006,88,Mewat,Haryana
88,0.9003067793650648,92,Faridabad,Haryana
89,0.7360889447898209,101,Palwal,Haryana
99,0.9553355949854465,103,Ganganagar,Rajasthan
100,0.8816513850267985,102,Hanumangarh,Rajasthan
101,0.8512574879480387,120,Bikaner,Rajasthan
102,0.8470630540467257,111,Churu,Rajasthan
103,1.0132325051890418,99,Jhunjhunun,Rajasthan
104,0.8661216944438795,104,Alwar,Rajasthan
105,0.6616027639726819,99,Bharatpur,Rajasthan
106,0.9312204137690042,98,Dhaulpur,Rajasthan
107,0.7851751014627584,98,Karauli,Rajasthan
108,0.7187531872156132,90,Sawai Madhopur,Rajasthan
109,0.7236822968096913,109,Dausa,Rajasthan
110,0.8320126675920063,98,Jaipur,Rajasthan
111,0.8095855468032229,100,Sikar,Rajasthan
112,0.8312107927974284,114,Nagaur,Rajasthan
113,0.847786941198284,119,Jodhpur,Rajasthan
114,0.9019829306594526,126,Jaisalmer,Rajasthan
115,0.9205123044128246,134,Barmer,Rajasthan
116,0.8537761853157658,108,Jalor,Rajasthan
117,0.7258053788624781,111,Sirohi,Rajasthan
118,0.9006790646678035,100,Pali,Rajasthan
119,0.8423731276342895,81,Ajmer,Rajasthan
120,0.7618824590577761,99,Tonk,Rajasthan
121,0.8664599178749641,92,Bundi,Rajasthan
122,0.9639334958762837,89,Bhilwara,Rajasthan
123,0.9205407576028609,88,Rajsamand,Rajasthan
124,0.8567007709975873,121,Dungarpur,Rajasthan
125,0.8349190092231557,111,Banswara,Rajasthan
126,0.8269276305921481,85,Chittaurgarh,Rajasthan
127,0.8259117188354873,99,Kota,Rajasthan
128,0.8197084911712649,102,Baran,Rajasthan
129,0.7723441121546067,97,Jhalawar,Rajasthan
130,0.8560200319206754,115,Udaipur,Rajasthan
131,0.8076881759323747,98,Pratapgarh,Rajasthan
132,0.9639731899650906,104,Saharanpur,Uttar Pradesh
134,0.9229253534379029,88,Bijnor,Uttar Pradesh
136,0.8960066626750182,62,Rampur,Uttar Pradesh
137,0.9088132245088963,104,Jyotiba Phule Nagar,Uttar Pradesh
138,0.9376779922393486,97,Meerut,Uttar Pradesh
139,0.8891940836852581,105,Baghpat,Uttar Pradesh
141,0.8910554224527003,59,Gautam Buddha Nagar,Uttar Pradesh
142,0.9879902746402106,87,Bulandshahr,Uttar Pradesh
143,0.9001841233094611,90,Aligarh,Uttar Pradesh
144,0.746518245881307,90,Mahamaya Nagar,Uttar Pradesh
145,0.7695947222610063,98,Mathura,Uttar Pradesh
146,0.8567005712724933,80,Agra,Uttar Pradesh
147,0.8152538964195671,105,Firozabad,Uttar Pradesh
148,0.9566156239592215,95,Mainpuri,Uttar Pradesh
150,0.8242562771085323,75,Bareilly,Uttar Pradesh
151,0.9252554031703427,83,Pilibhit,Uttar Pradesh
152,0.8125509134153404,117,Shahjahanpur,Uttar Pradesh
153,0.8413862881267214,107,Kheri,Uttar Pradesh
154,0.8536527198679196,101,Sitapur,Uttar Pradesh
155,0.7691347547304999,92,Hardoi,Uttar Pradesh
156,0.8477423141293288,81,Unnao,Uttar Pradesh
157,1.04028868784378,81,Lucknow,Uttar Pradesh
159,0.8810363194057232,100,Farrukhabad,Uttar Pradesh
160,0.8023054155316924,90,Kannauj,Uttar Pradesh
161,0.7582080087251761,99,Etawah,Uttar Pradesh
162,0.8419255495279508,95,Auraiya,Uttar Pradesh
163,0.7721598762334243,83,Kanpur Dehat,Uttar Pradesh
164,0.791840182193632,102,Kanpur Nagar,Uttar Pradesh
165,0.8801963521167958,103,Jalaun,Uttar Pradesh
166,0.9233665280720864,112,Jhansi,Uttar Pradesh
167,0.7991951077860869,126,Lalitpur,Uttar Pradesh
168,0.9171033291448857,99,Hamirpur,Uttar Pradesh
169,0.8295029757321516,100,Mahoba,Uttar Pradesh
170,0.9009385751059207,89,Banda,Uttar Pradesh
171,0.7553756397971404,91,Chitrakoot,Uttar Pradesh
172,0.8579844658794961,91,Fatehpur,Uttar Pradesh
173,0.9704619290990671,94,Pratapgarh,Uttar Pradesh
174,0.9599495015348113,79,Kaushambi,Uttar Pradesh
175,0.7566275808456916,77,Allahabad,Uttar Pradesh
176,0.6894380768820949,93,Bara Banki,Uttar Pradesh
177,0.9291705123272025,102,Faizabad,Uttar Pradesh
178,0.934711622602053,77,Ambedkar Nagar,Uttar Pradesh
180,0.6726028916131428,88,Bahraich,Uttar Pradesh
181,0.8143059416955732,115,Shrawasti,Uttar Pradesh
182,0.799611701072666,105,Balrampur,Uttar Pradesh
183,0.893484214058794,103,Gonda,Uttar Pradesh
184,0.9516146065457035,98,Siddharthnagar,Uttar Pradesh
185,0.9932276561674797,100,Basti,Uttar Pradesh
186,0.9117805795230249,101,Sant Kabir Nagar,Uttar Pradesh
187,0.8740512623677286,95,Mahrajganj,Uttar Pradesh
188,0.8790039929437756,91,Gorakhpur,Uttar Pradesh
189,0.9726490809591328,99,Kushinagar,Uttar Pradesh
190,0.9069982409424564,78,Deoria,Uttar Pradesh
191,0.979703717294592,68,Azamgarh,Uttar Pradesh
192,0.7711455506428365,84,Mau,Uttar Pradesh
193,1.0018092135533443,71,Ballia,Uttar Pradesh
194,0.8682863857908792,111,Jaunpur,Uttar Pradesh
195,0.8655772769911009,96,Ghazipur,Uttar Pradesh
196,0.8877311006529176,88,Chandauli,Uttar Pradesh
197,0.8881343965549876,94,Varanasi,Uttar Pradesh
198,0.8894109345136674,85,Sant Ravidas Nagar (Bhadohi),Uttar Pradesh
199,0.9308944038059682,99,Mirzapur,Uttar Pradesh
200,0.8337912236540928,80,Sonbhadra,Uttar Pradesh
201,0.7907825025142646,100,Etah,Uttar Pradesh
202,0.8156441615008709,100,Kanshiram Nagar,Uttar Pradesh
203,0.8995296422026496,87,Pashchim Champaran,Bihar
204,0.9385343024100166,101,Purba Champaran,Bihar
205,0.8296660190374323,94,Sheohar,Bihar
206,0.8437083671089858,108,Sitamarhi,Bihar
207,0.9321237932198041,90,Madhubani,Bihar
208,1.0103298933920746,98,Supaul,Bihar
209,0.8677006286500175,111,Araria,Bihar
210,0.8630176014187594,75,Kishanganj,Bihar
211,0.8603436208819344,96,Purnia,Bihar
212,0.8238024136660022,70,Katihar,Bihar
213,0.9607151642027347,97,Madhepura,Bihar
214,0.8181207756991351,86,Saharsa,Bihar
215,0.9330230528841005,90,Darbhanga,Bihar
216,0.969312784092093,95,Muzaffarpur,Bihar
217,0.9590757056580402,91,Gopalganj,Bihar
218,0.9013876656252031,103,Siwan,Bihar
219,0.7878012594972187,83,Saran,Bihar
220,0.9569893159677668,96,Vaishali,Bihar
221,0.9392344299203803,95,Samastipur,Bihar
222,0.9180569068938496,93,Begusarai,Bihar
223,0.957026497217122,108,Khagaria,Bihar
224,0.9263687578815847,99,Bhagalpur,Bihar
225,0.8664457166464803,111,Banka,Bihar
226,0.813147343393211,94,Munger,Bihar
227,0.9249255196359195,110,Lakhisarai,Bihar
228,0.8586716042791327,97,Sheikhpura,Bihar
229,0.8828204602489491,95,Nalanda,Bihar
230,0.7422138867661757,88,Patna,Bihar
231,0.7529566073751943,106,Bhojpur,Bihar
232,0.7753351139245741,83,Buxar,Bihar
233,0.7757465486419238,97,Kaimur (Bhabua),Bihar
234,0.7797412524226036,92,Rohtas,Bihar
235,0.8376040496956857,95,Aurangabad,Bihar
236,0.9325147619077581,96,Gaya,Bihar
237,0.8870699009826182,88,Nawada,Bihar
238,0.8311237563035604,101,Jamui,Bihar
239,0.6856802544024844,104,Jehanabad,Bihar
240,0.7183388497039828,85,Arwal,Bihar
241,1.0565678048094007,78,North  District,Sikkim
242,1.0615491000177393,72,West District,Sikkim
243,1.0600914543635305,66,South District,Sikkim
244,0.8870625435622607,48,East District,Sikkim
245,0.9602243943080546,98,Tawang,Arunachal Pradesh
246,0.7828519573452988,97,West Kameng,Arunachal Pradesh
247,0.8602511045376111,82,East Kameng,Arunachal Pradesh
248,1.129963112819668,90,Papum Pare,Arunachal Pradesh
249,1.0945818147866653,96,Upper Subansiri,Arunachal Pradesh
252,1.0927187263668041,67,Upper Siang,Arunachal Pradesh
253,0.8663142947998519,111,Changlang,Arunachal Pradesh
255,0.9400651082927697,86,Lower Subansiri,Arunachal Pradesh
257,1.0900471978834607,74,Dibang Valley,Arunachal Pradesh
258,1.0772196801543128,97,Lower Dibang Valley,Arunachal Pradesh
260,1.055734491738654,80,Anjaw,Arunachal Pradesh
261,1.1179137351934223,71,Mon,Nagaland
262,1.3228801238479606,59,Mokokchung,Nagaland
263,1.1402308438916846,61,Zunheboto,Nagaland
264,1.3014791253217521,59,Wokha,Nagaland
265,1.1543372566163927,65,Dimapur,Nagaland
266,1.149012788275949,70,Phek,Nagaland
267,1.2550339061261382,72,Tuensang,Nagaland
268,1.3021837860213663,77,Longleng,Nagaland
269,1.1471224185805884,82,Kiphire,Nagaland
270,1.1228323056776677,54,Kohima,Nagaland
271,1.1307491411178192,84,Peren,Nagaland
272,1.0056216961697106,67,Senapati,Manipur
273,0.9868639580740584,79,Tamenglong,Manipur
274,0.8748129682968167,67,Churachandpur,Manipur
275,0.9378361417360245,89,Bishnupur,Manipur
276,0.9289639761519723,89,Thoubal,Manipur
277,0.9470508717716403,82,Imphal West,Manipur
278,0.9337001374249756,84,Imphal East,Manipur
279,1.1048963834997063,55,Ukhrul,Manipur
280,0.980519757195696,67,Chandel,Manipur
281,1.0100561927703102,74,Mamit,Mizoram
282,0.9921811677561714,77,Kolasib,Mizoram
283,1.069474703552632,54,Aizawl,Mizoram
284,1.014548137042162,73,Champhai,Mizoram
285,1.0291552167111682,60,Serchhip,Mizoram
286,1.0724786624757614,64,Lunglei,Mizoram
287,1.07007654116444,85,Lawngtlai,Mizoram
288,0.9969277767907531,69,Saiha,Mizoram
291,0.8143409252539768,101,Dhalai,Tripura
295,0.9624754149690272,95,South Garo Hills,Meghalaya
297,1.0010405641373639,88,Ribhoi,Meghalaya
298,0.9957193288442876,72,East Khasi Hills,Meghalaya
300,0.9817643531004808,98,Kokrajhar,Assam
302,0.9851745380724286,112,Goalpara,Assam
303,0.9756869435442875,103,Barpeta,Assam
304,0.9063415879401661,114,Morigaon,Assam
307,0.9423289124009572,89,Lakhimpur,Assam
308,0.9514572053381585,108,Dhemaji,Assam
309,0.8947855163704274,99,Tinsukia,Assam
310,0.9173674362602507,82,Dibrugarh,Assam
313,0.9508537163000563,94,Golaghat,Assam
315,0.9394336972655832,98,Dima Hasao,Assam
316,0.7181733362539752,88,Cachar,Assam
317,0.7829678695622738,91,Karimganj,Assam
318,0.6975673212349024,101,Hailakandi,Assam
319,0.9441536205311778,114,Bongaigaon,Assam
320,0.9389366941856805,103,Chirang,Assam
321,0.9287961322585049,69,Kamrup,Assam
322,0.9568920672551174,89,Kamrup Metropolitan,Assam
323,0.88025627469992,97,Nalbari,Assam
324,0.8887793194822334,105,Baksa,Assam
325,0.9138462729129085,109,Darrang,Assam
326,0.9164525222255894,103,Udalguri,Assam
327,1.064592268147076,96,Darjiling,West Bengal
328,1.0355997407744522,89,Jalpaiguri,West Bengal
329,0.9067096977397643,96,Koch Bihar,West Bengal
330,0.9089688373456337,102,Uttar Dinajpur,West Bengal
331,0.9458915178345662,96,Dakshin Dinajpur,West Bengal
332,0.9342361884331416,99,Maldah,West Bengal
333,0.954641576875239,108,Murshidabad,West Bengal
334,0.8611173624376239,111,Birbhum,West Bengal
336,0.8722450326531183,99,Nadia,West Bengal
337,0.9638815044970516,93,North Twenty Four Parganas,West Bengal
338,0.8849132027415786,88,Hugli,West Bengal
339,0.9428896689276892,89,Bankura,West Bengal
340,0.7655047314940366,97,Puruliya,West Bengal
341,0.9814716036568152,93,Haora,West Bengal
342,1.1017188605037083,73,Kolkata,West Bengal
343,0.8475673778579864,97,South Twenty Four Parganas,West Bengal
344,0.8543873173905352,94,Paschim Medinipur,West Bengal
345,0.8397764286767581,91,Purba Medinipur,West Bengal
346,1.0166650699219908,95,Garhwa,Jharkhand
347,0.9152331098844767,103,Chatra,Jharkhand
348,0.9007105591484831,108,Kodarma,Jharkhand
349,0.896769541844695,106,Giridih,Jharkhand
350,0.8851881170586264,108,Deoghar,Jharkhand
351,0.9382941718218745,80,Godda,Jharkhand
352,0.9338187515464726,102,Sahibganj,Jharkhand
353,0.9503960846920737,86,Pakur,Jharkhand
354,0.9743500535062282,104,Dhanbad,Jharkhand
355,1.0138915325731557,98,Bokaro,Jharkhand
356,1.0223858675975326,89,Lohardaga,Jharkhand
357,0.9721975465508279,104,Purbi Singhbhum,Jharkhand
358,0.9205831540462093,110,Palamu,Jharkhand
359,0.8566595457075584,110,Latehar,Jharkhand
360,0.8925692042822989,89,Hazaribagh,Jharkhand
361,0.9295019780808018,97,Ramgarh,Jharkhand
362,0.9627155438233543,92,Dumka,Jharkhand
363,0.8097410796432781,94,Jamtara,Jharkhand
364,0.967247999250338,89,Ranchi,Jharkhand
365,0.7711486110536311,90,Khunti,Jharkhand
366,0.7889888319882677,102,Gumla,Jharkhand
367,0.9631518313458455,89,Simdega,Jharkhand
368,0.8358176605071472,102,Pashchimi Singhbhum,Jharkhand
369,0.7784393992039356,93,Saraikela-Kharsawan,Jharkhand
370,0.9153563511657776,81,Bargarh,Odisha
371,0.9036742926272194,78,Jharsuguda,Odisha
372,1.0207404496815258,81,Sambalpur,Odisha
373,0.7694333807658676,75,Debagarh,Odisha
374,0.9824396684550047,75,Sundargarh,Odisha
375,0.8136869120990073,85,Kendujhar,Odisha
376,0.8788781434470057,87,Mayurbhanj,Odisha
377,0.750561835972775,95,Baleshwar,Odisha
378,0.8119825607913665,88,Bhadrak,Odisha
379,0.7939244107594201,80,Kendrapara,Odisha
380,0.7163795157261011,80,Jagatsinghapur,Odisha
381,0.7851960389554717,83,Cuttack,Odisha
382,0.7063455420475812,94,Jajapur,Odisha
383,0.9367164050814438,83,Dhenkanal,Odisha
384,0.8399950832186,104,Anugul,Odisha
385,0.8319022935277995,99,Nayagarh,Odisha
386,0.882380552322345,88,Khordha,Odisha
387,0.9224395686233557,83,Puri,Odisha
388,0.8323211397020931,76,Ganjam,Odisha
389,0.996865923239285,78,Gajapati,Odisha
390,0.8688196809798606,85,Kandhamal,Odisha
391,0.8986684103291532,102,Baudh,Odisha
392,0.9348191863381904,86,Subarnapur,Odisha
393,0.9301199649520131,97,Balangir,Odisha
394,0.9748453595019009,89,Nuapada,Odisha
395,0.8093351377736302,94,Kalahandi,Odisha
396,0.8417043286186202,95,Rayagada,Odisha
397,0.8584024938487794,96,Nabarangapur,Odisha
398,0.9421494766959498,98,Koraput,Odisha
399,0.8146796173843884,97,Malkangiri,Odisha
400,0.9552612964731058,78,Koriya,Chhattisgarh
402,0.9923689679636857,87,Jashpur,Chhattisgarh
403,0.9156310962521049,85,Raigarh,Chhattisgarh
404,0.8874657441138695,81,Korba,Chhattisgarh
405,0.9011668612177923,84,Janjgir - Champa,Chhattisgarh
407,0.9497056634921606,79,Kabeerdham,Chhattisgarh
408,0.9256272848659324,90,Rajnandgaon,Chhattisgarh
411,0.9278589160084444,86,Mahasamund,Chhattisgarh
412,0.9137016131254759,74,Dhamtari,Chhattisgarh
413,0.7948137277139454,82,Uttar Bastar Kanker,Chhattisgarh
415,0.9825722112740556,80,Narayanpur,Chhattisgarh
417,0.9686146779207783,86,Bijapur,Chhattisgarh
418,0.8469973733456155,91,Sheopur,Madhya Pradesh
419,0.9407832944213549,94,Morena,Madhya Pradesh
420,0.8530122470119699,80,Bhind,Madhya Pradesh
421,0.9552552410123325,83,Gwalior,Madhya Pradesh
422,0.8353386737319266,83,Datia,Madhya Pradesh
423,0.8803613720594337,66,Shivpuri,Madhya Pradesh
424,0.8593318686407903,49,Tikamgarh,Madhya Pradesh
425,0.7943440796579518,82,Chhatarpur,Madhya Pradesh
426,0.7214233996607529,97,Panna,Madhya Pradesh
427,0.7840858245361191,78,Sagar,Madhya Pradesh
428,0.805682485375576,84,Damoh,Madhya Pradesh
429,0.8236540568912033,50,Satna,Madhya Pradesh
430,0.7822644331051112,57,Rewa,Madhya Pradesh
431,0.6882782011230564,85,Umaria,Madhya Pradesh
432,0.8509260398194984,91,Neemuch,Madhya Pradesh
433,0.9281180772592964,92,Mandsaur,Madhya Pradesh
434,0.7340831093137844,86,Ratlam,Madhya Pradesh
435,0.7517282749824477,94,Ujjain,Madhya Pradesh
437,0.7864491337901541,104,Dewas,Madhya Pradesh
438,0.8515107989794041,57,Dhar,Madhya Pradesh
439,0.8675337865014692,103,Indore,Madhya Pradesh
440,0.818319846593716,99,Khargone (West Nimar),Madhya Pradesh
441,0.6887707936803023,104,Barwani,Madhya Pradesh
442,0.659231620817383,73,Rajgarh,Madhya Pradesh
443,0.6955447473740227,87,Vidisha,Madhya Pradesh
444,1.083155857140205,22,Bhopal,Madhya Pradesh
445,0.6411020397702824,66,Sehore,Madhya Pradesh
446,0.9970300310823459,26,Raisen,Madhya Pradesh
447,0.8858881881986969,85,Betul,Madhya Pradesh
448,0.8317243254819536,106,Harda,Madhya Pradesh
449,0.8403622489914948,81,Hoshangabad,Madhya Pradesh
450,0.7844129248595884,53,Katni,Madhya Pradesh
451,0.7752576521287878,17,Jabalpur,Madhya Pradesh
452,0.8669442585281059,92,Narsimhapur,Madhya Pradesh
453,0.8351335541833336,93,Dindori,Madhya Pradesh
454,0.9136970121867614,94,Mandla,Madhya Pradesh
455,0.8001361185522632,70,Chhindwara,Madhya Pradesh
456,0.9353170014472008,82,Seoni,Madhya Pradesh
457,0.9506410891837959,71,Balaghat,Madhya Pradesh
458,0.7553851775719712,91,Guna,Madhya Pradesh
459,0.7821939256733548,56,Ashoknagar,Madhya Pradesh
460,0.9722049110163995,70,Shahdol,Madhya Pradesh
461,0.9944859984816056,82,Anuppur,Madhya Pradesh
462,0.748329174367238,100,Sidhi,Madhya Pradesh
463,1.0161756224301752,48,Singrauli,Madhya Pradesh
464,0.8057210337727867,91,Jhabua,Madhya Pradesh
465,0.8874983687671841,98,Alirajpur,Madhya Pradesh
466,0.9419612256335049,10,Khandwa (East Nimar),Madhya Pradesh
467,0.7689642641184266,98,Burhanpur,Madhya Pradesh
468,0.9542736723552024,95,Kachchh,Gujarat
469,0.8269522774789468,92,Banas Kantha,Gujarat
470,0.9588660610238424,91,Patan,Gujarat
471,0.9784407074546257,64,Mahesana,Gujarat
473,0.9381753308045587,78,Gandhinagar,Gujarat
478,0.9134505093194419,95,Porbandar,Gujarat
480,1.1564693693388186,72,Amreli,Gujarat
482,0.8878078812328543,77,Anand,Gujarat
485,0.8121768746651482,95,Dohad,Gujarat
487,1.0023350242615126,87,Narmada,Gujarat
488,1.0714553554821424,64,Bharuch,Gujarat
489,0.968847107945119,91,The Dangs,Gujarat
490,1.1373561349062569,86,Navsari,Gujarat
491,1.0454190520218185,89,Valsad,Gujarat
492,1.0120110220215923,99,Surat,Gujarat
493,1.0599640158928472,97,Tapi,Gujarat
494,1.2443659810468277,62,Diu,Dadra & Nagar Haveli and Daman & Diu
495,1.1310919987647754,80,Daman,Dadra & Nagar Haveli and Daman & Diu
496,0.9493885154630768,95,Dadra & Nagar Haveli,Dadra & Nagar Haveli and Daman & Diu
497,0.7535357115716939,79,Nandurbar,Maharashtra
498,0.7548086672463982,81,Dhule,Maharashtra
499,0.811123824679117,82,Jalgaon,Maharashtra
500,0.8336776534152261,100,Buldana,Maharashtra
501,0.920542749391656,105,Akola,Maharashtra
502,0.7698744412800845,97,Washim,Maharashtra
503,0.8672458029092077,95,Amravati,Maharashtra
504,0.9647108181775684,92,Wardha,Maharashtra
505,0.8887900649358427,91,Nagpur,Maharashtra
506,0.7864898292824025,89,Bhandara,Maharashtra
507,0.9459926455131459,85,Gondiya,Maharashtra
508,0.8018979621782171,92,Gadchiroli,Maharashtra
509,0.8930174315143604,91,Chandrapur,Maharashtra
510,0.6888806400545451,89,Yavatmal,Maharashtra
511,0.7269132202037757,84,Nanded,Maharashtra
512,0.8094483933409236,101,Hingoli,Maharashtra
513,0.7685165034547173,78,Parbhani,Maharashtra
514,0.7245650236858335,88,Jalna,Maharashtra
515,0.8178647379438694,73,Aurangabad,Maharashtra
516,0.8747841540061181,66,Nashik,Maharashtra
518,0.933658509381065,40,Mumbai Suburban,Maharashtra
519,0.9924634243153732,68,Mumbai,Maharashtra
520,1.0150618164442842,85,Raigarh,Maharashtra
521,0.9995242361988803,84,Pune,Maharashtra
522,0.8932901976027244,83,Ahmadnagar,Maharashtra
523,0.7416927853997551,67,Bid,Maharashtra
524,0.7867089854117744,86,Latur,Maharashtra
525,0.8719707861780417,94,Osmanabad,Maharashtra
526,0.9772666453248232,85,Solapur,Maharashtra
527,1.077314233413694,89,Satara,Maharashtra
528,0.937877384793719,75,Ratnagiri,Maharashtra
529,0.9686286673589447,59,Sindhudurg,Maharashtra
530,0.968221527708573,96,Kolhapur,Maharashtra
531,0.8496406094759361,78,Sangli,Maharashtra
542,0.9783483699004056,65,Srikakulam,Andhra Pradesh
543,0.8272632291882882,82,Vizianagaram,Andhra Pradesh
544,0.9073153495217473,75,Visakhapatnam,Andhra Pradesh
545,0.9265912453104707,62,East Godavari,Andhra Pradesh
546,0.9167214271049219,87,West Godavari,Andhra Pradesh
547,0.7685063531888101,76,Krishna,Andhra Pradesh
548,0.8068200488000172,76,Guntur,Andhra Pradesh
549,0.8479769107141943,71,Prakasam,Andhra Pradesh
550,0.7584708218738803,85,Sri Potti Sriramulu Nellore,Andhra Pradesh
551,0.7683086311347536,93,Y.S.R.,Andhra Pradesh
552,0.8307943555035034,91,Kurnool,Andhra Pradesh
553,0.814756649939767,92,Anantapur,Andhra Pradesh
554,0.8213146783177522,80,Chittoor,Andhra Pradesh
555,0.766250443175999,83,Belgaum,Karnataka
556,0.8421197189107171,82,Bagalkot,Karnataka
557,0.7634745625434817,87,Bijapur,Karnataka
558,0.8248037460334557,92,Bidar,Karnataka
559,0.7185738507222815,87,Raichur,Karnataka
560,0.8481291853331551,90,Koppal,Karnataka
561,0.58279876529952,99,Gadag,Karnataka
562,0.9349041584510898,81,Dharwad,Karnataka
563,0.8866110116059233,78,Uttara Kannada,Karnataka
564,0.7098379283935298,82,Haveri,Karnataka
565,0.6496664401942746,86,Bellary,Karnataka
566,0.8256267668477837,85,Chitradurga,Karnataka
567,0.8248337794394349,73,Davanagere,Karnataka
568,0.8360986877034338,92,Shimoga,Karnataka
569,0.7810646448296582,83,Udupi,Karnataka
570,0.8600584884211652,88,Chikmagalur,Karnataka
571,0.8133769976291152,73,Tumkur,Karnataka
572,1.0030129990049965,75,Bangalore,Karnataka
573,0.8922863842515393,78,Mandya,Karnataka
574,0.8324340024925435,90,Hassan,Karnataka
575,0.7732915794493348,73,Dakshina Kannada,Karnataka
576,0.9389774856092431,84,Kodagu,Karnataka
577,0.9669150911389948,76,Mysore,Karnataka
578,0.797001333823961,87,Chamarajanagar,Karnataka
579,0.784068798542832,83,Gulbarga,Karnataka
580,0.5881095939665201,82,Yadgir,Karnataka
581,0.8374451029836695,92,Kolar,Karnataka
582,0.795826426659146,89,Chikkaballapura,Karnataka
583,0.9371374366763245,80,Bangalore Rural,Karnataka
584,0.8425152057378333,61,Ramanagara,Karnataka
585,0.9817623084850946,71,North Goa,Goa
586,1.1679873764423956,91,South Goa,Goa
587,1.0175513879608231,87,Lakshadweep,Lakshadweep
588,0.9268302476137523,88,Kasaragod,Kerala
589,1.0305517940785953,74,Kannur,Kerala
590,0.8211089488657852,73,Wayanad,Kerala
591,0.8568345541318947,73,Kozhikode,Kerala
592,0.8801082871105262,100,Malappuram,Kerala
593,1.051534189830882,73,Palakkad,Kerala
594,0.9725011962205049,65,Thrissur,Kerala
595,1.016103551367603,71,Ernakulam,Kerala
596,1.014019853106566,59,Idukki,Kerala
597,0.9469371094019058,63,Kottayam,Kerala
598,0.9535850590474472,59,Alappuzha,Kerala
599,0.9866540638642922,57,Pathanamthitta,Kerala
600,1.0240462996946795,71,Kollam,Kerala
601,1.0156069734341129,69,Thiruvananthapuram,Kerala
602,1.0712033340393428,79,Thiruvallur,Tamil Nadu
603,0.9184994145655133,61,Chennai,Tamil Nadu
604,0.8802129791345712,63,Kancheepuram,Tamil Nadu
605,1.040024672307065,72,Vellore,Tamil Nadu
606,1.0168434212245527,62,Tiruvannamalai,Tamil Nadu
607,1.040616278761898,70,Viluppuram,Tamil Nadu
608,0.9976967297762526,68,Salem,Tamil Nadu
609,0.9353993040658612,66,Namakkal,Tamil Nadu
610,1.258549991638297,81,Erode,Tamil Nadu
611,1.0697812829021676,78,The Nilgiris,Tamil Nadu
612,1.026665232098011,92,Dindigul,Tamil Nadu
613,0.9788094087791732,56,Karur,Tamil Nadu
614,1.089155160118323,62,Tiruchirappalli,Tamil Nadu
615,1.1286449579109368,73,Perambalur,Tamil Nadu
616,1.0353081921336973,81,Ariyalur,Tamil Nadu
617,1.1927927662757376,57,Cuddalore,Tamil Nadu
618,1.122862208619013,74,Nagapattinam,Tamil Nadu
619,1.0267115156397129,71,Thiruvarur,Tamil Nadu
620,1.1091320428832452,61,Thanjavur,Tamil Nadu
621,0.8732384992430686,70,Pudukkottai,Tamil Nadu
622,1.0444546252144533,76,Sivaganga,Tamil Nadu
623,1.075104143440695,76,Madurai,Tamil Nadu
624,0.9446527791266311,84,Theni,Tamil Nadu
625,0.9743247964622421,68,Virudhunagar,Tamil Nadu
626,1.1792524873260073,97,Ramanathapuram,Tamil Nadu
627,1.0420571204183489,57,Thoothukkudi,Tamil Nadu
628,1.091290215357181,65,Tirunelveli,Tamil Nadu
629,1.0776765675193667,76,Kanniyakumari,Tamil Nadu
630,1.0106496574826174,74,Dharmapuri,Tamil Nadu
631,1.0414773225371377,99,Krishnagiri,Tamil Nadu
632,1.1157893535746597,70,Coimbatore,Tamil Nadu
633,0.9429055985071735,58,Tiruppur,Tamil Nadu
634,0.8891002348062086,89,Yanam,Puducherry
635,1.1173084385675534,72,Puducherry,Puducherry
636,0.9788820128942621,78,Mahe,Puducherry
637,1.0963212896426986,73,Karaikal,Puducherry
638,0.9461360063004574,57,Nicobars,Andaman & Nicobar Islands
639,1.0168550799734348,69,North  & Middle Andaman,Andaman & Nicobar Islands
640,0.9889689050725093,78,South Andaman,Andaman & Nicobar Islands
801,0.9949153107984905,81,East Siang,Arunachal Pradesh
802,0.9426542468844485,55,Kra Daadi,Arunachal Pradesh
803,0.9384477673384377,42,Kurung Kumey,Arunachal Pradesh
804,0.9342020018094486,81,Lohit,Arunachal Pradesh
805,0.9833458833070504,90,Longding,Arunachal Pradesh
806,0.7592654865350272,111,Namsai,Arunachal Pradesh
807,1.0746748904027859,91,Siang,Arunachal Pradesh
808,0.865275197369935,91,Tirap,Arunachal Pradesh
809,0.9639612677980495,80,West Siang,Arunachal Pradesh
810,0.9456261314692049,96,Biswanath,Assam
811,0.8592703649043196,91,Charaideo,Assam
812,1.0300081629421831,100,Dhubri,Assam
813,0.9946082143567555,91,Hojai,Assam
814,0.9790463259214056,91,Jorhat,Assam
815,0.9783511766999234,93,Karbi Anglong,Assam
816,0.9404051184083824,95,Majuli,Assam
817,0.8828239591318661,111,Nagaon,Assam
818,0.9530975272492258,97,Sivasagar,Assam
819,1.0539472077132142,95,Sonitpur,Assam
820,0.9161596876466233,108,South Salmara Mancachar,Assam
821,0.9141077672100493,96,West Karbi Anglong,Assam
822,0.881689048995572,84,Balod,Chhattisgarh
823,0.8832522095595625,89,Baloda Bazar,Chhattisgarh
824,0.8929006339751622,85,Balrampur,Chhattisgarh
825,0.9756334862919418,93,Bastar,Chhattisgarh
826,0.9679989844266815,77,Bemetara,Chhattisgarh
827,0.9507132062740461,78,Bilaspur,Chhattisgarh
828,0.9701580684817812,108,Dantewada,Chhattisgarh
829,0.9246819941575459,86,Durg,Chhattisgarh
830,0.9220794092022485,89,Gariyaband,Chhattisgarh
831,0.9831706164813392,82,Kodagaon,Chhattisgarh
832,0.9347941009363661,75,Mungeli,Chhattisgarh
833,0.9573325018915941,88,Raipur,Chhattisgarh
834,0.9846238874223816,97,Sukma,Chhattisgarh
835,0.9940870150805837,82,Surajpur,Chhattisgarh
836,0.9154956197802017,80,Surguja,Chhattisgarh
837,0.7982784988140836,58,Central,NCT of Delhi
838,0.945611948531368,88,East,NCT of Delhi
839,0.8966967697550524,80,New Delhi,NCT of Delhi
840,0.8656338609658689,69,North,NCT of Delhi
841,0.9192495291909478,74,North East,NCT of Delhi
842,0.9053738093690696,86,North West,NCT of Delhi
843,0.9103454239671571,74,Shahdara,NCT of Delhi
844,0.9548195582570614,88,South,NCT of Delhi
845,0.9694986083692029,76,South East,NCT of Delhi
846,1.063366327641061,86,South West,NCT of Delhi
847,1.0223245173736433,87,West,NCT of Delhi
848,1.0568033079402477,78,Ahmadabad,Gujarat
849,0.9125280537000418,107,Aravali,Gujarat
850,0.9834726352410402,72,Bhavnagar,Gujarat
851,1.0417361785128303,76,Botad,Gujarat
852,0.9623448056977425,101,Chhota Udaipur,Gujarat
853,0.8772706799030283,91,Devbhumi Dwarka,Gujarat
854,1.0302103802455744,78,Gir Somnath,Gujarat
855,0.8345510247688449,93,Jamnagar,Gujarat
856,0.7943252109531199,86,Junagadh,Gujarat
857,0.8664645366281831,86,Kheda,Gujarat
858,0.9032445503073009,81,Mahisagar,Gujarat
859,0.8565424600032899,91,Morbi,Gujarat
860,0.9738017635434405,104,Panch Mahals,Gujarat
861,1.0498163709808412,82,Rajkot,Gujarat
862,1.0022479743082724,91,Sabar Kantha,Gujarat
863,0.7927503188382379,80,Surendranagar,Gujarat
864,0.8729770016432529,79,Vadodara,Gujarat
865,0.8439981578043378,78,Bhiwani,Haryana
866,0.9424859704112385,65,Charkhi Dadri,Haryana
867,0.9752922704322015,43,Agar Malwa,Madhya Pradesh
868,0.7556565256554963,88,Shajapur,Madhya Pradesh
869,0.994051015643224,70,Palghar,Maharashtra
870,1.0596774073551196,51,Thane,Maharashtra
871,0.8900765225343868,110,East Garo Hills,Meghalaya
872,1.0539344761443254,110,East Jantia Hills,Meghalaya
873,0.682466169539344,96,North Garo Hills,Meghalaya
874,0.9892330426598743,93,South West Garo Hills,Meghalaya
875,1.053419290180076,102,South West Khasi Hills,Meghalaya
876,0.9821810239183604,100,West Garo Hills,Meghalaya
877,1.0537497115393137,78,West Jaintia Hills,Meghalaya
878,1.010407345162293,113,West Khasi Hills,Meghalaya
879,0.8947841704195629,94,Fazilka,Punjab
880,0.913749404647239,88,Firozpur,Punjab
881,1.0185425729769406,84,Gurdaspur,Punjab
882,0.9430289545957798,72,Pathankot,Punjab
883,0.7199253407947341,92,Adilabad,Telangana
884,0.7350671520836136,79,Bhadradri Kothagudem,Telangana
885,0.8380810797095912,53,Hyderabad,Telangana
886,0.8963585295973234,89,Jagitial,Telangana
887,0.803609456461373,79,Jangoan,Telangana
888,0.9613927828524675,84,Jayashankar Bhupalapally,Telangana
889,0.822478900893199,81,Jogulamba Gadwal,Telangana
890,0.7529470916258048,82,Kamareddy,Telangana
891,0.8179128876637008,85,Karimnagar,Telangana
892,0.8004013333336354,79,Khammam,Telangana
893,1.0276352495582715,85,Komaram Bheem Asifabad,Telangana
894,0.8131446166547827,85,Mahabubabad,Telangana
895,0.8922540487076283,87,Mahabubnagar,Telangana
896,0.9293689320811407,74,Mancherial,Telangana
897,0.8468557574712825,74,Medak,Telangana
898,0.9833271631264267,79,Medchal-Malkajgiri,Telangana
899,0.9416066607569376,87,Nagarkurnool,Telangana
900,0.9349061844281418,86,Nalgonda,Telangana
901,0.895728359161035,61,Nirmal,Telangana
902,0.8186081367634863,79,Nizamabad,Telangana
903,0.8105837951445335,87,Peddapalli,Telangana
904,0.9286809948727378,84,Rajanna Sircilla,Telangana
905,0.832961204117731,75,Ranga Reddy,Telangana
906,0.7929799166417917,73,Sangareddy,Telangana
907,0.7069980153884853,75,Siddipet,Telangana
908,0.7613488973660038,86,Suryapet,Telangana
909,0.8869548478376672,78,Vikarabad,Telangana
910,0.9358575390652575,82,Wanaparthy,Telangana
911,0.7968862804515052,69,Warangal Rural,Telangana
912,0.8662791086846984,87,Warangal Urban,Telangana
913,0.8990784599110133,79,Yadadri Bhuvanagiri,Telangana
914,0.8816571937709143,87,Gomati,Tripura
915,0.9275740644261921,107,Khowai,Tripura
916,0.9560985518329111,89,North Tripura,Tripura
917,0.8109480041039147,99,Sepahijala,Tripura
918,1.00450203504779,90,South Tripura,Tripura
919,0.9329023950802322,102,Unakoti,Tripura
920,0.9636211570605433,102,West Tripura,Tripura
921,0.8949130498591642,82,Amethi,Uttar Pradesh
922,0.8387350062713171,95,Budaun,Uttar Pradesh
923,0.9781347206701994,58,Ghaziabad,Uttar Pradesh
924,0.8542581418106339,109,Hapur,Uttar Pradesh
925,0.9434583073727993,80,Moradabad,Uttar Pradesh
926,0.8439825920592202,97,Muzaffarnagar,Uttar Pradesh
927,0.6997570826254084,95,Rae Bareli,Uttar Pradesh
928,0.7616894810433148,102,Sambhal,Uttar Pradesh
929,0.8908062372982325,90,Shamli,Uttar Pradesh
930,0.9446587879388001,88,Sultanpur,Uttar Pradesh
931,0.8817341222409009,79,Paschim Barddhaman,West Bengal
932,0.8501544814491644,112,Purba Barddhaman,West Bengal
