state_name,avg_autonomy_score,n_women
Andaman & Nicobar Islands,0.9947931385614693,204
Andhra Pradesh,0.8406877593378863,1035
Arunachal Pradesh,0.9544256744243972,1700
Assam,0.9165493243715179,3230
Bihar,0.8815159610417095,3608
Chandigarh,1.0183823854049037,69
Chhattisgarh,0.9289318129297995,2285
Dadra & Nagar Haveli and Daman & Diu,1.0095117387555363,237
Goa,1.0744319595817304,162
Gujarat,0.9626394066239332,2848
Haryana,0.8516896837909239,1763
Himachal Pradesh,0.9799431210698523,965
Jammu & Kashmir,0.77021618676315,1635
Jharkhand,0.9232735353630547,2340
Karnataka,0.8355168138730364,2491
Kerala,0.9635600142558327,995
Ladakh,0.6505287089544614,162
Lakshadweep,1.0175516124511925,87
Madhya Pradesh,0.8342278307890155,3902
Maharashtra,0.9045190565404235,2968
Manipur,0.9459772154847246,679
Meghalaya,0.9804453048804219,1057
Mizoram,1.0470452788243527,556
NCT of Delhi,0.9412528541421376,866
Nagaland,1.1881667927323378,754
Odisha,0.8570073499046571,2632
Puducherry,1.0984295391866021,312
Punjab,0.9362024489221078,1769
Rajasthan,0.844804212522241,3420
Sikkim,0.9710657974695031,264
Tamil Nadu,1.0439818286806184,2297
Telangana,0.8445609186498546,2475
Tripura,0.9161543860661033,777
Uttar Pradesh,0.8698873484337121,6948
Uttarakhand,0.9006032241497763,1085
West Bengal,0.9133971590006266,1902
